{"cameraMode":{"drawMode":0,"name":"Shaded","section":"Shading Mode"},"sceneLighting":true,"audioPlay":false,"sceneViewState":{"showFog":true,"showMaterialUpdate":true,"showSkybox":true,"showFlares":true,"showImageEffects":true,"showParticleSystems":true},"in2DMode":false,"pivot":{"x":-3.93800950050354,"y":13.182424545288086,"z":6.462799072265625},"rotation":{"x":-0.025199981406331064,"y":-0.9712203145027161,"z":0.20432665944099427,"w":-0.11977783590555191},"size":22.0,"orthographic":false}