{"cameraMode":{"drawMode":0,"name":"Shaded","section":"Shading Mode"},"sceneLighting":true,"audioPlay":false,"sceneViewState":{"showFog":true,"showMaterialUpdate":true,"showSkybox":true,"showFlares":true,"showImageEffects":true,"showParticleSystems":true},"in2DMode":false,"pivot":{"x":-6.547725200653076,"y":23.987058639526368,"z":24.19680404663086},"rotation":{"x":0.056302908807992938,"y":-0.015267817303538323,"z":-0.0008631226955913007,"w":-0.9982966184616089},"size":53.9150276184082,"orthographic":false}